{"results": {"loss/edit_val": 0.6699906039436482, "loss/loc_val": 0.011134227781662122, "edit/acc_val": 0.9152604301059829, "edit/log_prob_val": -0.6699906039436482, "edit/prob_val": 0.899345835503279, "acc/pre_val": 0.002330918400266699, "acc/post_val": 0.0023551179668809758, "nll/pre_val": 13.529207229614258, "perplexity/pre_val": 751034.4375, "nll/post_val": 13.574540138244629, "perplexity/post_val": 785864.5625, "n_tokens/pre_val": 31.303787231445312, "n_tokens/post_val": 31.303787231445312, "time/edit_val": 0.1934474990093225, "loss/total_val": 0.0781332893008763, "loss/total_edit_val": 0.0781332893008763, "memory/alloc_max_val": 16896223232.0, "memory/res_max_val": 18735955968.0, "eval_time/elapsed": 1284.4141898155212, "eval_time/average": 0.33784370293427357}}